{"engineId":"c72f3ed2-7187-4aec-97e1-67df1e2043ba","engineName":"Benthic2","rdbmsId":"57f221ea-4f99-42ee-a687-8617e886737d","varstore":{},"frames":[{"file":"@BaseFolder@\\db\\@ENGINE@\\version\\57f221ea-4f99-42ee-a687-8617e886737d\\Nativean9ZV72.json","meta":"@BaseFolder@\\db\\@ENGINE@\\version\\57f221ea-4f99-42ee-a687-8617e886737d\\METADATA__Nativean9ZV72.owl","state":null,"type":"prerna.ds.nativeframe.NativeFrame","name":"Nativean9ZV72","keys":["$CUR_FRAME_KEY","FRAME497373"]}],"panels":[{"panelId":"0","panelLabel":"0","view":"visualization","viewOptions":"{\"type\":\"echarts\"}","ornaments":"{\"showMenu\":true}","events":"{\"onSingleClick\":{\"Unfilter\":[{\"disabledVisuals\":[\"Grid\",\"Sunburst\"],\"default\":true,\"query\":\"UnfilterFrame(<SelectedColumn>);\",\"options\":{},\"refresh\":false,\"disabled\":false,\"panel\":\"\"}]},\"onBrush\":{\"Filter\":[{\"default\":true,\"query\":\"if(IsEmpty(<SelectedValues>), UnfilterFrame(<SelectedColumn>), SetFrameFilter(<SelectedColumn>==<SelectedValues>));\",\"options\":{},\"refresh\":false,\"disabled\":false,\"panel\":\"\"}]}}","filters":"[]","order":"[]","comments":"{}","position":"{}"}],"tasks":{"tasks":[{"type":"basic","task":{"taskType":"basic","id":"task1","numCollected":500,"internalOffset":0,"taskOptions":"{\"options\":{\"0\":{\"layout\":\"Grid\",\"alignment\":{\"label\":[\"Abundance\",\"AdjRawCount\",\"Artifact\",\"BenchNotes\",\"BenchTaxonName\",\"BenchTaxonNameReferenceCode\",\"BioDataShortName\",\"BioDataTaxonName\",\"Class_1\",\"CollectionDate\",\"CollectionDayOfYear\",\"CollectionMonth\",\"CollectionYear\",\"CurationDate\",\"CurationEntity\",\"Density_m2\",\"Family\",\"FieldComponent\",\"FieldSplitRatio\",\"Genus\",\"ITIS_MatchCode\",\"ITIS_TSN\",\"IdentificationDate\",\"IdentificationEntity\",\"Infraclass\",\"Infraorder\",\"LabComponent\",\"LabOrderID\",\"LabProcName\",\"LabRecordID\",\"LabSubsamplingRatio\",\"Lifestage\",\"NAWQAStudyUnitCode\",\"NAWQA_SMCOD\",\"Order_1\",\"Phylum\",\"ProjectAssignedSampleLabel\",\"ProjectLabel\",\"ProvisionalData\",\"PublishedSortOrder\",\"PublishedTaxonName\",\"PublishedTaxonNameAuthority\",\"PublishedTaxonNameLevel\",\"RawCount\",\"ReleaseCategory\",\"SIDNO\",\"SampleTypeCode\",\"ScientificName\",\"SiteName\",\"SiteNumber\",\"SiteVisitSampleNumber\",\"Species\",\"StartTime\",\"StudyReachName\",\"Subclass\",\"Subfamily\",\"Subgenus\",\"Suborder\",\"Subphylum\",\"Subspecies\",\"Superfamily\",\"Superorder\",\"TargetLevelNotReachedReason\",\"TaxonRecordSource\",\"TaxonVersionNumber\",\"TaxonomicResultReviewStatus\",\"TimeDatum\",\"TotAreaSampled_m2\",\"Tribe\",\"UniqueTaxonFlag\",\"VerificationDate\",\"VerificationEntity\"]}}}}","qs":{"qsType":"FRAME","isDistinct":true,"overrideImplicit":false,"limit":0,"offset":0,"relations":"{}","selectors":["COLUMN",{"table":"_201808211616INVERTRESULTS","column":"Abundance","alias":"Abundance","tableAlias":null},"COLUMN",{"table":"_201808211616INVERTRESULTS","column":"AdjRawCount","alias":"AdjRawCount","tableAlias":null},"COLUMN",{"table":"_201808211616INVERTRESULTS","column":"Artifact","alias":"Artifact","tableAlias":null},"COLUMN",{"table":"_201808211616INVERTRESULTS","column":"BenchNotes","alias":"BenchNotes","tableAlias":null},"COLUMN",{"table":"_201808211616INVERTRESULTS","column":"BenchTaxonName","alias":"BenchTaxonName","tableAlias":null},"COLUMN",{"table":"_201808211616INVERTRESULTS","column":"BenchTaxonNameReferenceCode","alias":"BenchTaxonNameReferenceCode","tableAlias":null},"COLUMN",{"table":"_201808211616INVERTRESULTS","column":"BioDataShortName","alias":"BioDataShortName","tableAlias":null},"COLUMN",{"table":"_201808211616INVERTRESULTS","column":"BioDataTaxonName","alias":"BioDataTaxonName","tableAlias":null},"COLUMN",{"table":"_201808211616INVERTRESULTS","column":"Class_1","alias":"Class_1","tableAlias":null},"COLUMN",{"table":"_201808211616INVERTRESULTS","column":"CollectionDate","alias":"CollectionDate","tableAlias":null},"COLUMN",{"table":"_201808211616INVERTRESULTS","column":"CollectionDayOfYear","alias":"CollectionDayOfYear","tableAlias":null},"COLUMN",{"table":"_201808211616INVERTRESULTS","column":"CollectionMonth","alias":"CollectionMonth","tableAlias":null},"COLUMN",{"table":"_201808211616INVERTRESULTS","column":"CollectionYear","alias":"CollectionYear","tableAlias":null},"COLUMN",{"table":"_201808211616INVERTRESULTS","column":"CurationDate","alias":"CurationDate","tableAlias":null},"COLUMN",{"table":"_201808211616INVERTRESULTS","column":"CurationEntity","alias":"CurationEntity","tableAlias":null},"COLUMN",{"table":"_201808211616INVERTRESULTS","column":"Density_m2","alias":"Density_m2","tableAlias":null},"COLUMN",{"table":"_201808211616INVERTRESULTS","column":"Family","alias":"Family","tableAlias":null},"COLUMN",{"table":"_201808211616INVERTRESULTS","column":"FieldComponent","alias":"FieldComponent","tableAlias":null},"COLUMN",{"table":"_201808211616INVERTRESULTS","column":"FieldSplitRatio","alias":"FieldSplitRatio","tableAlias":null},"COLUMN",{"table":"_201808211616INVERTRESULTS","column":"Genus","alias":"Genus","tableAlias":null},"COLUMN",{"table":"_201808211616INVERTRESULTS","column":"ITIS_MatchCode","alias":"ITIS_MatchCode","tableAlias":null},"COLUMN",{"table":"_201808211616INVERTRESULTS","column":"ITIS_TSN","alias":"ITIS_TSN","tableAlias":null},"COLUMN",{"table":"_201808211616INVERTRESULTS","column":"IdentificationDate","alias":"IdentificationDate","tableAlias":null},"COLUMN",{"table":"_201808211616INVERTRESULTS","column":"IdentificationEntity","alias":"IdentificationEntity","tableAlias":null},"COLUMN",{"table":"_201808211616INVERTRESULTS","column":"Infraclass","alias":"Infraclass","tableAlias":null},"COLUMN",{"table":"_201808211616INVERTRESULTS","column":"Infraorder","alias":"Infraorder","tableAlias":null},"COLUMN",{"table":"_201808211616INVERTRESULTS","column":"LabComponent","alias":"LabComponent","tableAlias":null},"COLUMN",{"table":"_201808211616INVERTRESULTS","column":"LabOrderID","alias":"LabOrderID","tableAlias":null},"COLUMN",{"table":"_201808211616INVERTRESULTS","column":"LabProcName","alias":"LabProcName","tableAlias":null},"COLUMN",{"table":"_201808211616INVERTRESULTS","column":"LabRecordID","alias":"LabRecordID","tableAlias":null},"COLUMN",{"table":"_201808211616INVERTRESULTS","column":"LabSubsamplingRatio","alias":"LabSubsamplingRatio","tableAlias":null},"COLUMN",{"table":"_201808211616INVERTRESULTS","column":"Lifestage","alias":"Lifestage","tableAlias":null},"COLUMN",{"table":"_201808211616INVERTRESULTS","column":"NAWQAStudyUnitCode","alias":"NAWQAStudyUnitCode","tableAlias":null},"COLUMN",{"table":"_201808211616INVERTRESULTS","column":"NAWQA_SMCOD","alias":"NAWQA_SMCOD","tableAlias":null},"COLUMN",{"table":"_201808211616INVERTRESULTS","column":"Order_1","alias":"Order_1","tableAlias":null},"COLUMN",{"table":"_201808211616INVERTRESULTS","column":"Phylum","alias":"Phylum","tableAlias":null},"COLUMN",{"table":"_201808211616INVERTRESULTS","column":"ProjectAssignedSampleLabel","alias":"ProjectAssignedSampleLabel","tableAlias":null},"COLUMN",{"table":"_201808211616INVERTRESULTS","column":"ProjectLabel","alias":"ProjectLabel","tableAlias":null},"COLUMN",{"table":"_201808211616INVERTRESULTS","column":"ProvisionalData","alias":"ProvisionalData","tableAlias":null},"COLUMN",{"table":"_201808211616INVERTRESULTS","column":"PublishedSortOrder","alias":"PublishedSortOrder","tableAlias":null},"COLUMN",{"table":"_201808211616INVERTRESULTS","column":"PublishedTaxonName","alias":"PublishedTaxonName","tableAlias":null},"COLUMN",{"table":"_201808211616INVERTRESULTS","column":"PublishedTaxonNameAuthority","alias":"PublishedTaxonNameAuthority","tableAlias":null},"COLUMN",{"table":"_201808211616INVERTRESULTS","column":"PublishedTaxonNameLevel","alias":"PublishedTaxonNameLevel","tableAlias":null},"COLUMN",{"table":"_201808211616INVERTRESULTS","column":"RawCount","alias":"RawCount","tableAlias":null},"COLUMN",{"table":"_201808211616INVERTRESULTS","column":"ReleaseCategory","alias":"ReleaseCategory","tableAlias":null},"COLUMN",{"table":"_201808211616INVERTRESULTS","column":"SIDNO","alias":"SIDNO","tableAlias":null},"COLUMN",{"table":"_201808211616INVERTRESULTS","column":"SampleTypeCode","alias":"SampleTypeCode","tableAlias":null},"COLUMN",{"table":"_201808211616INVERTRESULTS","column":"ScientificName","alias":"ScientificName","tableAlias":null},"COLUMN",{"table":"_201808211616INVERTRESULTS","column":"SiteName","alias":"SiteName","tableAlias":null},"COLUMN",{"table":"_201808211616INVERTRESULTS","column":"SiteNumber","alias":"SiteNumber","tableAlias":null},"COLUMN",{"table":"_201808211616INVERTRESULTS","column":"SiteVisitSampleNumber","alias":"SiteVisitSampleNumber","tableAlias":null},"COLUMN",{"table":"_201808211616INVERTRESULTS","column":"Species","alias":"Species","tableAlias":null},"COLUMN",{"table":"_201808211616INVERTRESULTS","column":"StartTime","alias":"StartTime","tableAlias":null},"COLUMN",{"table":"_201808211616INVERTRESULTS","column":"StudyReachName","alias":"StudyReachName","tableAlias":null},"COLUMN",{"table":"_201808211616INVERTRESULTS","column":"Subclass","alias":"Subclass","tableAlias":null},"COLUMN",{"table":"_201808211616INVERTRESULTS","column":"Subfamily","alias":"Subfamily","tableAlias":null},"COLUMN",{"table":"_201808211616INVERTRESULTS","column":"Subgenus","alias":"Subgenus","tableAlias":null},"COLUMN",{"table":"_201808211616INVERTRESULTS","column":"Suborder","alias":"Suborder","tableAlias":null},"COLUMN",{"table":"_201808211616INVERTRESULTS","column":"Subphylum","alias":"Subphylum","tableAlias":null},"COLUMN",{"table":"_201808211616INVERTRESULTS","column":"Subspecies","alias":"Subspecies","tableAlias":null},"COLUMN",{"table":"_201808211616INVERTRESULTS","column":"Superfamily","alias":"Superfamily","tableAlias":null},"COLUMN",{"table":"_201808211616INVERTRESULTS","column":"Superorder","alias":"Superorder","tableAlias":null},"COLUMN",{"table":"_201808211616INVERTRESULTS","column":"TargetLevelNotReachedReason","alias":"TargetLevelNotReachedReason","tableAlias":null},"COLUMN",{"table":"_201808211616INVERTRESULTS","column":"TaxonRecordSource","alias":"TaxonRecordSource","tableAlias":null},"COLUMN",{"table":"_201808211616INVERTRESULTS","column":"TaxonVersionNumber","alias":"TaxonVersionNumber","tableAlias":null},"COLUMN",{"table":"_201808211616INVERTRESULTS","column":"TaxonomicResultReviewStatus","alias":"TaxonomicResultReviewStatus","tableAlias":null},"COLUMN",{"table":"_201808211616INVERTRESULTS","column":"TimeDatum","alias":"TimeDatum","tableAlias":null},"COLUMN",{"table":"_201808211616INVERTRESULTS","column":"TotAreaSampled_m2","alias":"TotAreaSampled_m2","tableAlias":null},"COLUMN",{"table":"_201808211616INVERTRESULTS","column":"Tribe","alias":"Tribe","tableAlias":null},"COLUMN",{"table":"_201808211616INVERTRESULTS","column":"UniqueTaxonFlag","alias":"UniqueTaxonFlag","tableAlias":null},"COLUMN",{"table":"_201808211616INVERTRESULTS","column":"VerificationDate","alias":"VerificationDate","tableAlias":null},"COLUMN",{"table":"_201808211616INVERTRESULTS","column":"VerificationEntity","alias":"VerificationEntity","tableAlias":null}]}}},{"type":"basic","task":{"taskType":"basic","id":"task3","numCollected":500,"internalOffset":0,"taskOptions":"{\"options\":{\"0\":{\"layout\":\"Column\",\"alignment\":{\"label\":[\"SiteName\"],\"value\":[\"CountofSIDNO\"],\"facet\":[]}}}}","qs":{"qsType":"FRAME","isDistinct":true,"overrideImplicit":false,"limit":0,"offset":0,"relations":"{}","groups":["{\"column\":\"PRIM_KEY_PLACEHOLDER\",\"table\":\"SiteName\",\"alias\":\"\"}"],"selectors":["COLUMN",{"table":"SiteName","column":"PRIM_KEY_PLACEHOLDER","alias":"SiteName","tableAlias":null},"FUNCTION",{"alias":"CountofSIDNO","function":"count","distinct":false,"colCast":"","innerSelectors":["COLUMN",{"table":"SIDNO","column":"PRIM_KEY_PLACEHOLDER","alias":"SIDNO","tableAlias":null}]}]}}}],"taskCounter":4},"recipe":["AddPanel ( 0 ) ;","Panel ( 0 ) | AddPanelEvents ( { \"onSingleClick\" : { \"Unfilter\" : [ { \"panel\" : \"\" , \"query\" : \"UnfilterFrame(%3CSelectedColumn%3E)%3B\" , \"options\" : { } , \"refresh\" : false , \"default\" : true , \"disabledVisuals\" : [ \"Grid\" , \"Sunburst\" ] , \"disabled\" : false } ] } , \"onBrush\" : { \"Filter\" : [ { \"panel\" : \"\" , \"query\" : \"if(IsEmpty(%3CSelectedValues%3E)%2C%20UnfilterFrame(%3CSelectedColumn%3E)%2C%20SetFrameFilter(%3CSelectedColumn%3E%3D%3D%3CSelectedValues%3E))%3B\" , \"options\" : { } , \"refresh\" : false , \"default\" : true , \"disabled\" : false } ] } } ) ;","Panel ( 0 ) | RetrievePanelEvents ( ) ;","Panel ( 0 ) | SetPanelView ( \"visualization\" , \"%7B%22type%22%3A%22echarts%22%7D\" ) ;","Panel ( 0 ) | SetPanelView ( \"federate-view\" , \"%7B%22app_id%22%3A%22c72f3ed2-7187-4aec-97e1-67df1e2043ba%22%7D\" ) ;","CreateFrame ( frameType = [ NATIVE ] ) .as ( [ 'FRAME497373' ] ) ;","Database ( database = [ \"c72f3ed2-7187-4aec-97e1-67df1e2043ba\" ] ) | Select ( _201808211616INVERTRESULTS__Abundance , _201808211616INVERTRESULTS__AdjRawCount , _201808211616INVERTRESULTS__Artifact , _201808211616INVERTRESULTS__BenchNotes , _201808211616INVERTRESULTS__BenchTaxonName , _201808211616INVERTRESULTS__BenchTaxonNameReferenceCode , _201808211616INVERTRESULTS__BioDataShortName , _201808211616INVERTRESULTS__BioDataTaxonName , _201808211616INVERTRESULTS__Class_1 , _201808211616INVERTRESULTS__CollectionDate , _201808211616INVERTRESULTS__CollectionDayOfYear , _201808211616INVERTRESULTS__CollectionMonth , _201808211616INVERTRESULTS__CollectionYear , _201808211616INVERTRESULTS__CurationDate , _201808211616INVERTRESULTS__CurationEntity , _201808211616INVERTRESULTS__Density_m2 , _201808211616INVERTRESULTS__Family , _201808211616INVERTRESULTS__FieldComponent , _201808211616INVERTRESULTS__FieldSplitRatio , _201808211616INVERTRESULTS__Genus , _201808211616INVERTRESULTS__ITIS_MatchCode , _201808211616INVERTRESULTS__ITIS_TSN , _201808211616INVERTRESULTS__IdentificationDate , _201808211616INVERTRESULTS__IdentificationEntity , _201808211616INVERTRESULTS__Infraclass , _201808211616INVERTRESULTS__Infraorder , _201808211616INVERTRESULTS__LabComponent , _201808211616INVERTRESULTS__LabOrderID , _201808211616INVERTRESULTS__LabProcName , _201808211616INVERTRESULTS__LabRecordID , _201808211616INVERTRESULTS__LabSubsamplingRatio , _201808211616INVERTRESULTS__Lifestage , _201808211616INVERTRESULTS__NAWQAStudyUnitCode , _201808211616INVERTRESULTS__NAWQA_SMCOD , _201808211616INVERTRESULTS__Order_1 , _201808211616INVERTRESULTS__Phylum , _201808211616INVERTRESULTS__ProjectAssignedSampleLabel , _201808211616INVERTRESULTS__ProjectLabel , _201808211616INVERTRESULTS__ProvisionalData , _201808211616INVERTRESULTS__PublishedSortOrder , _201808211616INVERTRESULTS__PublishedTaxonName , _201808211616INVERTRESULTS__PublishedTaxonNameAuthority , _201808211616INVERTRESULTS__PublishedTaxonNameLevel , _201808211616INVERTRESULTS__RawCount , _201808211616INVERTRESULTS__ReleaseCategory , _201808211616INVERTRESULTS__SIDNO , _201808211616INVERTRESULTS__SampleTypeCode , _201808211616INVERTRESULTS__ScientificName , _201808211616INVERTRESULTS__SiteName , _201808211616INVERTRESULTS__SiteNumber , _201808211616INVERTRESULTS__SiteVisitSampleNumber , _201808211616INVERTRESULTS__Species , _201808211616INVERTRESULTS__StartTime , _201808211616INVERTRESULTS__StudyReachName , _201808211616INVERTRESULTS__Subclass , _201808211616INVERTRESULTS__Subfamily , _201808211616INVERTRESULTS__Subgenus , _201808211616INVERTRESULTS__Suborder , _201808211616INVERTRESULTS__Subphylum , _201808211616INVERTRESULTS__Subspecies , _201808211616INVERTRESULTS__Superfamily , _201808211616INVERTRESULTS__Superorder , _201808211616INVERTRESULTS__TargetLevelNotReachedReason , _201808211616INVERTRESULTS__TaxonRecordSource , _201808211616INVERTRESULTS__TaxonVersionNumber , _201808211616INVERTRESULTS__TaxonomicResultReviewStatus , _201808211616INVERTRESULTS__TimeDatum , _201808211616INVERTRESULTS__TotAreaSampled_m2 , _201808211616INVERTRESULTS__Tribe , _201808211616INVERTRESULTS__UniqueTaxonFlag , _201808211616INVERTRESULTS__VerificationDate , _201808211616INVERTRESULTS__VerificationEntity ) .as ( [ Abundance , AdjRawCount , Artifact , BenchNotes , BenchTaxonName , BenchTaxonNameReferenceCode , BioDataShortName , BioDataTaxonName , Class_1 , CollectionDate , CollectionDayOfYear , CollectionMonth , CollectionYear , CurationDate , CurationEntity , Density_m2 , Family , FieldComponent , FieldSplitRatio , Genus , ITIS_MatchCode , ITIS_TSN , IdentificationDate , IdentificationEntity , Infraclass , Infraorder , LabComponent , LabOrderID , LabProcName , LabRecordID , LabSubsamplingRatio , Lifestage , NAWQAStudyUnitCode , NAWQA_SMCOD , Order_1 , Phylum , ProjectAssignedSampleLabel , ProjectLabel , ProvisionalData , PublishedSortOrder , PublishedTaxonName , PublishedTaxonNameAuthority , PublishedTaxonNameLevel , RawCount , ReleaseCategory , SIDNO , SampleTypeCode , ScientificName , SiteName , SiteNumber , SiteVisitSampleNumber , Species , StartTime , StudyReachName , Subclass , Subfamily , Subgenus , Suborder , Subphylum , Subspecies , Superfamily , Superorder , TargetLevelNotReachedReason , TaxonRecordSource , TaxonVersionNumber , TaxonomicResultReviewStatus , TimeDatum , TotAreaSampled_m2 , Tribe , UniqueTaxonFlag , VerificationDate , VerificationEntity ] ) | Import ( ) ;","Panel ( 0 ) | SetPanelView ( \"visualization\" ) ;","Frame ( ) | QueryAll ( ) | AutoTaskOptions ( panel = [ \"0\" ] , layout = [ \"Grid\" ] ) | Collect ( 500 ) ;","Panel ( 0 ) | SetPanelView ( \"visualization\" , \"%7B%22type%22%3A%22echarts%22%7D\" ) ;","if ( ( HasDuplicates ( SiteName ) ) , ( Select ( SiteName , Count ( SIDNO ) ) .as ( [ SiteName , CountofSIDNO ] ) | Group ( SiteName ) | With ( Panel ( 0 ) ) | Format ( type = [ 'table' ] ) | TaskOptions ( { \"0\" : { \"layout\" : \"Column\" , \"alignment\" : { \"label\" : [ \"SiteName\" ] , \"value\" : [ \"CountofSIDNO\" ] , \"facet\" : [ ] } } } ) | Collect ( 500 ) ) , ( Select ( SiteName , Count ( SIDNO ) ) .as ( [ SiteName , CountofSIDNO ] ) | Group ( SiteName ) | With ( Panel ( 0 ) ) | Format ( type = [ 'table' ] ) | TaskOptions ( { \"0\" : { \"layout\" : \"Column\" , \"alignment\" : { \"label\" : [ \"SiteName\" ] , \"value\" : [ \"CountofSIDNO\" ] , \"facet\" : [ ] } } } ) | Collect ( 500 ) ) ) ;","Panel ( 0 ) | AddPanelOrnaments ( { \"showMenu\" : true } ) ;","Panel ( 0 ) | RetrievePanelOrnaments ( \"showMenu\" ) ;"]}