{"qsType":"FRAME","engineName":"c72f3ed2-7187-4aec-97e1-67df1e2043ba","isDistinct":true,"overrideImplicit":false,"limit":-1,"offset":-1,"relations":"{}","selectors":["COLUMN",{"table":"_201808211616INVERTRESULTS","column":"Abundance","alias":"Abundance","tableAlias":null},"COLUMN",{"table":"_201808211616INVERTRESULTS","column":"AdjRawCount","alias":"AdjRawCount","tableAlias":null},"COLUMN",{"table":"_201808211616INVERTRESULTS","column":"Artifact","alias":"Artifact","tableAlias":null},"COLUMN",{"table":"_201808211616INVERTRESULTS","column":"BenchNotes","alias":"BenchNotes","tableAlias":null},"COLUMN",{"table":"_201808211616INVERTRESULTS","column":"BenchTaxonName","alias":"BenchTaxonName","tableAlias":null},"COLUMN",{"table":"_201808211616INVERTRESULTS","column":"BenchTaxonNameReferenceCode","alias":"BenchTaxonNameReferenceCode","tableAlias":null},"COLUMN",{"table":"_201808211616INVERTRESULTS","column":"BioDataShortName","alias":"BioDataShortName","tableAlias":null},"COLUMN",{"table":"_201808211616INVERTRESULTS","column":"BioDataTaxonName","alias":"BioDataTaxonName","tableAlias":null},"COLUMN",{"table":"_201808211616INVERTRESULTS","column":"Class_1","alias":"Class_1","tableAlias":null},"COLUMN",{"table":"_201808211616INVERTRESULTS","column":"CollectionDate","alias":"CollectionDate","tableAlias":null},"COLUMN",{"table":"_201808211616INVERTRESULTS","column":"CollectionDayOfYear","alias":"CollectionDayOfYear","tableAlias":null},"COLUMN",{"table":"_201808211616INVERTRESULTS","column":"CollectionMonth","alias":"CollectionMonth","tableAlias":null},"COLUMN",{"table":"_201808211616INVERTRESULTS","column":"CollectionYear","alias":"CollectionYear","tableAlias":null},"COLUMN",{"table":"_201808211616INVERTRESULTS","column":"CurationDate","alias":"CurationDate","tableAlias":null},"COLUMN",{"table":"_201808211616INVERTRESULTS","column":"CurationEntity","alias":"CurationEntity","tableAlias":null},"COLUMN",{"table":"_201808211616INVERTRESULTS","column":"Density_m2","alias":"Density_m2","tableAlias":null},"COLUMN",{"table":"_201808211616INVERTRESULTS","column":"Family","alias":"Family","tableAlias":null},"COLUMN",{"table":"_201808211616INVERTRESULTS","column":"FieldComponent","alias":"FieldComponent","tableAlias":null},"COLUMN",{"table":"_201808211616INVERTRESULTS","column":"FieldSplitRatio","alias":"FieldSplitRatio","tableAlias":null},"COLUMN",{"table":"_201808211616INVERTRESULTS","column":"Genus","alias":"Genus","tableAlias":null},"COLUMN",{"table":"_201808211616INVERTRESULTS","column":"ITIS_MatchCode","alias":"ITIS_MatchCode","tableAlias":null},"COLUMN",{"table":"_201808211616INVERTRESULTS","column":"ITIS_TSN","alias":"ITIS_TSN","tableAlias":null},"COLUMN",{"table":"_201808211616INVERTRESULTS","column":"IdentificationDate","alias":"IdentificationDate","tableAlias":null},"COLUMN",{"table":"_201808211616INVERTRESULTS","column":"IdentificationEntity","alias":"IdentificationEntity","tableAlias":null},"COLUMN",{"table":"_201808211616INVERTRESULTS","column":"Infraclass","alias":"Infraclass","tableAlias":null},"COLUMN",{"table":"_201808211616INVERTRESULTS","column":"Infraorder","alias":"Infraorder","tableAlias":null},"COLUMN",{"table":"_201808211616INVERTRESULTS","column":"LabComponent","alias":"LabComponent","tableAlias":null},"COLUMN",{"table":"_201808211616INVERTRESULTS","column":"LabOrderID","alias":"LabOrderID","tableAlias":null},"COLUMN",{"table":"_201808211616INVERTRESULTS","column":"LabProcName","alias":"LabProcName","tableAlias":null},"COLUMN",{"table":"_201808211616INVERTRESULTS","column":"LabRecordID","alias":"LabRecordID","tableAlias":null},"COLUMN",{"table":"_201808211616INVERTRESULTS","column":"LabSubsamplingRatio","alias":"LabSubsamplingRatio","tableAlias":null},"COLUMN",{"table":"_201808211616INVERTRESULTS","column":"Lifestage","alias":"Lifestage","tableAlias":null},"COLUMN",{"table":"_201808211616INVERTRESULTS","column":"NAWQAStudyUnitCode","alias":"NAWQAStudyUnitCode","tableAlias":null},"COLUMN",{"table":"_201808211616INVERTRESULTS","column":"NAWQA_SMCOD","alias":"NAWQA_SMCOD","tableAlias":null},"COLUMN",{"table":"_201808211616INVERTRESULTS","column":"Order_1","alias":"Order_1","tableAlias":null},"COLUMN",{"table":"_201808211616INVERTRESULTS","column":"Phylum","alias":"Phylum","tableAlias":null},"COLUMN",{"table":"_201808211616INVERTRESULTS","column":"ProjectAssignedSampleLabel","alias":"ProjectAssignedSampleLabel","tableAlias":null},"COLUMN",{"table":"_201808211616INVERTRESULTS","column":"ProjectLabel","alias":"ProjectLabel","tableAlias":null},"COLUMN",{"table":"_201808211616INVERTRESULTS","column":"ProvisionalData","alias":"ProvisionalData","tableAlias":null},"COLUMN",{"table":"_201808211616INVERTRESULTS","column":"PublishedSortOrder","alias":"PublishedSortOrder","tableAlias":null},"COLUMN",{"table":"_201808211616INVERTRESULTS","column":"PublishedTaxonName","alias":"PublishedTaxonName","tableAlias":null},"COLUMN",{"table":"_201808211616INVERTRESULTS","column":"PublishedTaxonNameAuthority","alias":"PublishedTaxonNameAuthority","tableAlias":null},"COLUMN",{"table":"_201808211616INVERTRESULTS","column":"PublishedTaxonNameLevel","alias":"PublishedTaxonNameLevel","tableAlias":null},"COLUMN",{"table":"_201808211616INVERTRESULTS","column":"RawCount","alias":"RawCount","tableAlias":null},"COLUMN",{"table":"_201808211616INVERTRESULTS","column":"ReleaseCategory","alias":"ReleaseCategory","tableAlias":null},"COLUMN",{"table":"_201808211616INVERTRESULTS","column":"SIDNO","alias":"SIDNO","tableAlias":null},"COLUMN",{"table":"_201808211616INVERTRESULTS","column":"SampleTypeCode","alias":"SampleTypeCode","tableAlias":null},"COLUMN",{"table":"_201808211616INVERTRESULTS","column":"ScientificName","alias":"ScientificName","tableAlias":null},"COLUMN",{"table":"_201808211616INVERTRESULTS","column":"SiteName","alias":"SiteName","tableAlias":null},"COLUMN",{"table":"_201808211616INVERTRESULTS","column":"SiteNumber","alias":"SiteNumber","tableAlias":null},"COLUMN",{"table":"_201808211616INVERTRESULTS","column":"SiteVisitSampleNumber","alias":"SiteVisitSampleNumber","tableAlias":null},"COLUMN",{"table":"_201808211616INVERTRESULTS","column":"Species","alias":"Species","tableAlias":null},"COLUMN",{"table":"_201808211616INVERTRESULTS","column":"StartTime","alias":"StartTime","tableAlias":null},"COLUMN",{"table":"_201808211616INVERTRESULTS","column":"StudyReachName","alias":"StudyReachName","tableAlias":null},"COLUMN",{"table":"_201808211616INVERTRESULTS","column":"Subclass","alias":"Subclass","tableAlias":null},"COLUMN",{"table":"_201808211616INVERTRESULTS","column":"Subfamily","alias":"Subfamily","tableAlias":null},"COLUMN",{"table":"_201808211616INVERTRESULTS","column":"Subgenus","alias":"Subgenus","tableAlias":null},"COLUMN",{"table":"_201808211616INVERTRESULTS","column":"Suborder","alias":"Suborder","tableAlias":null},"COLUMN",{"table":"_201808211616INVERTRESULTS","column":"Subphylum","alias":"Subphylum","tableAlias":null},"COLUMN",{"table":"_201808211616INVERTRESULTS","column":"Subspecies","alias":"Subspecies","tableAlias":null},"COLUMN",{"table":"_201808211616INVERTRESULTS","column":"Superfamily","alias":"Superfamily","tableAlias":null},"COLUMN",{"table":"_201808211616INVERTRESULTS","column":"Superorder","alias":"Superorder","tableAlias":null},"COLUMN",{"table":"_201808211616INVERTRESULTS","column":"TargetLevelNotReachedReason","alias":"TargetLevelNotReachedReason","tableAlias":null},"COLUMN",{"table":"_201808211616INVERTRESULTS","column":"TaxonRecordSource","alias":"TaxonRecordSource","tableAlias":null},"COLUMN",{"table":"_201808211616INVERTRESULTS","column":"TaxonVersionNumber","alias":"TaxonVersionNumber","tableAlias":null},"COLUMN",{"table":"_201808211616INVERTRESULTS","column":"TaxonomicResultReviewStatus","alias":"TaxonomicResultReviewStatus","tableAlias":null},"COLUMN",{"table":"_201808211616INVERTRESULTS","column":"TimeDatum","alias":"TimeDatum","tableAlias":null},"COLUMN",{"table":"_201808211616INVERTRESULTS","column":"TotAreaSampled_m2","alias":"TotAreaSampled_m2","tableAlias":null},"COLUMN",{"table":"_201808211616INVERTRESULTS","column":"Tribe","alias":"Tribe","tableAlias":null},"COLUMN",{"table":"_201808211616INVERTRESULTS","column":"UniqueTaxonFlag","alias":"UniqueTaxonFlag","tableAlias":null},"COLUMN",{"table":"_201808211616INVERTRESULTS","column":"VerificationDate","alias":"VerificationDate","tableAlias":null},"COLUMN",{"table":"_201808211616INVERTRESULTS","column":"VerificationEntity","alias":"VerificationEntity","tableAlias":null}]}