{"insightID":"8ab12464-a7ec-424a-a4e2-5afa49cf91f1","pixelReturn":[{"pixelExpression":"if ( ( HasDuplicates ( SiteName ) ) , ( Select ( SiteName , Count ( SIDNO ) ) .as ( [ SiteName , CountofSIDNO ] ) | Group ( SiteName ) | With ( Panel ( 0 ) ) | Format ( type = [ 'table' ] ) | TaskOptions ( { \"0\" : { \"layout\" : \"Column\" , \"alignment\" : { \"label\" : [ \"SiteName\" ] , \"value\" : [ \"CountofSIDNO\" ] , \"facet\" : [ ] } } } ) | Collect ( 500 ) ) , ( Select ( SiteName , Count ( SIDNO ) ) .as ( [ SiteName , CountofSIDNO ] ) | Group ( SiteName ) | With ( Panel ( 0 ) ) | Format ( type = [ 'table' ] ) | TaskOptions ( { \"0\" : { \"layout\" : \"Column\" , \"alignment\" : { \"label\" : [ \"SiteName\" ] , \"value\" : [ \"CountofSIDNO\" ] , \"facet\" : [ ] } } } ) | Collect ( 500 ) ) ) ;","isMeta":false,"output":{"data":{"values":[["ACCOTINK_CREEK_NEAR_ANNANDALE,_VA",1572.0],["AQUIA_CREEK_NEAR_GARRISONVILLE,_VA",53.0],["BACK_CREEK_AT_SUNRISE,_VA",65.0],["BACK_CREEK_NEAR_MOUNTAIN_GROVE,_VA",62.0],["BACK_CREEK_NEAR_SUNRISE,_VA",50.0],["BEAVERDAM_CREEK_NEAR_UNISON,_VA",88.0],["BLACKS_RUN_AT_HARRISONBURG,_VA",88.0],["BLACK_RN_AT_RAWLEY_SPRINGS,_VA",103.0],["BONBROOK_CREEK_NEAR_WHITEVILLE,_VA",129.0],["BUCKSKIN_CREEK_AT_RT_609_NEAR_MCKENNY,_VA",69.0],["BUFFALO_MARSH_RUN_NEAR_MIDDLETOWN,_VA",114.0],["BULL_RUN_NEAR_CATHARPIN,_VA",45.0],["CATOCTIN_CREEK_AT_TAYLORSTOWN,_VA",321.0],["CELLAR_CREEK_AT_ROUTE_610_NEAR_SPAINVILLE,_VA",54.0],["COPPER_CREEK_NEAR_GATE_CITY,_VA",476.0],["CROMWELL_RUN_NEAR_ATOKA,_VA",85.0],["CUB_RUN_AT_OLD_LEE_ROAD_NEAR_CHANTILLY,_VA",64.0],["CYPRESS_SWAMP_AT_CYPRESS_CHAPEL,_VA",20.0],["CYPRESS_SWAMP_AT_SR31_NR_DENDRON,_VA",121.0],["DIFFICULT_RUN_ABOVE_FOX_LAKE_NEAR_FAIRFAX,_VA",53.0],["DIFFICULT_RUN_NEAR_GREAT_FALLS,_VA",60.0],["DIFFICULT_RUN_NEAR_VIENNA,_VA",80.0],["FLATLICK_BRANCH_NEAR_CHANTILLY,_VA",36.0],["FLAT_BRANCH_AT_MANASSAS_PARK,_VA",20.0],["FOLLY_MILLS_CREEK_NEAR_STAUNTON,_VA",113.0],["FOURMILE_RUN_AT_ARLINGTON,_VA",63.0],["GOSLIN_RUN_NEAR_ADEN,_VA",35.0],["GUEST_RIVER_NEAR_MILLER_YARD,_VA",158.0],["HAPPY_CREEK_AT_CROSBY_STADIUM_AT_FRONT_ROYAL,_VA",64.0],["HOLIDAY_CREEK_NEAR_ANDERSONVILLE,_VA",205.0],["HOLMANS_RUN_AT_QUICKSBURG,_VA",252.0],["JACKSON_RIVER_BL_GATHRIGHT_DAM_NR_HOT_SPGS,_VA",59.0],["KETTLE_RUN_NEAR_NOKESVILLE,_VA",42.0],["LEWIS_CREEK_AT_STAUNTON,_VA",72.0],["LITTLE_BACK_CREEK_NEAR_SUNRISE,_VA",47.0],["LITTLE_RIVER_AT_GRAYSONTOWN,_VA",340.0],["MAURY_RIVER_AT_ROCKBRIDGE_BATHS,_VA",67.0],["MIDDLE_FORK_HOLSTON_RIVER_AT_SEVEN_MILE_FORD,_VA",579.0],["MILL_CREEK_NEAR_HAMBURG,_VA",146.0],["MILL_CR_AT_RT_684_NR_SUNBEAM,_VA",87.0],["MINE_RUN_AT_BURR_HILL,_VA",62.0],["MOSSY_CREEK_NEAR_SPRING_CREEK,_VA",149.0],["MOUNTAIN_RUN_NEAR_BURR_HILL,_VA",53.0],["MUDDY_CREEK_AT_MOUNT_CLINTON,_VA",2236.0],["NEW_RIVER_AT_GLEN_LYN,_VA",86.0],["NORTH_FORK_GOOSE_CREEK_NEAR_LINCOLN,_VA",86.0],["NORTH_RIVER_NEAR_STOKESVILLE,_VA",104.0],["N_BRANCH_CHOPAWAMSIC_CR_NR_INDEPENDENT_HILL,_VA",116.0],["PADDY_RUN_NEAR_LEBANON_CHURCH,_VA",145.0],["PAGE_BROOK_AT_BOYCE,_VA",115.0],["POLECAT_DRAFT_NEAR_PIEDMONT,_VA",152.0],["PORTERFIELD_RUN_NEAR_CRIMORA,_VA",167.0],["REED_CREEK_AT_GRAHAMS_FORGE,_VA",628.0],["RICHARD_CREEK_NEAR_WATERFORD,_VA",55.0],["SAPPONY_CREEK_AT_ROUTE_646_NEAR_DEWITT,_VA",67.0],["SHOEMAKER_RIVER_NEAR_FULKS_RUN,_VA",125.0],["SMITH_RIVER_AT_BASSETT,_VA",46.0],["SMITH_RIVER_NEAR_PHILPOTT,_VA",39.0],["SOUTH_FORK_QUANTICO_CR_NEAR_INDEPENDENT_HILL,_VA",136.0],["SWEATHOUSE_CREEK_AT_ROUTE_708_NEAR_SCOTTS_FORK,_VA",68.0],["S_F_LITTLE_DIFFICULT_RUN_ABOVE_MOUTH_NR_VIENNA,_VA",41.0],["TOMS_BROOK_AT_TOMS_BROOK,_VA",169.0],["TOWN_RUN_AT_WINCHESTER,_VA",66.0],["WEST_STRAIT_CREEK_NEAR_MONTEREY,_VA",112.0],["WOLF_RUN_NEAR_CLIFTON,_VA",76.0]],"headers":["SiteName","CountofSIDNO"],"rawHeaders":["SITENAME","CountofSIDNO"]},"format":{"type":"TABLE"},"headerInfo":[{"alias":"SiteName","header":"SiteName","type":"STRING","derived":false},{"alias":"CountofSIDNO","header":"CountofSIDNO","calculatedBy":"SIDNO","math":"Count","groupBy":["SiteName"],"type":"NUMBER","derived":true}],"sortInfo":[],"numCollected":500,"taskOptions":{"0":{"layout":"Column","alignment":{"label":["SiteName"],"value":["CountofSIDNO"],"facet":[]}}},"filterInfo":[],"taskId":"task1"},"operationType":["TASK_DATA"]}]}